{
  "author" : "Anne Klammt (https://orcid.org/0000-0003-3697-9241)",
  "source" : "https://zenodo.org/record/2529055",
  "uploaded_at" : "2019-07-08T17:23:14+00:00",
  "license" : "CC BY-SA 4.0",
  "id" : "jur09r3tgopclo",
  "language" : "DE",
  "owner" : "ankl",
  "public_visibility" : "PRIVATE",
  "title" : "Znr_16_1230.tif",
  "date_freeform" : "2019-07-08",
  "parts" : [ {
    "id" : "4f12bb34-acc4-4445-9f15-6efcef9508f5",
    "title" : "Znr_16_1230.tif",
    "content_type" : "IMAGE_UPLOAD",
    "file" : "4f12bb34-acc4-4445-9f15-6efcef9508f5.tif"
  } ]
}