{
  "author" : "Anne Klammt (https://orcid.org/0000-0003-3697-9241)",
  "source" : "https://zenodo.org/record/2529064",
  "description" : "https://zenodo.org/record/2529064",
  "uploaded_at" : "2019-07-01T19:40:55+00:00",
  "license" : "CC BY-SA 4.0",
  "id" : "3ro87euazoco2a",
  "language" : "DE",
  "owner" : "ankl",
  "public_visibility" : "PRIVATE",
  "title" : "Znr_30_1230.tif",
  "date_freeform" : "2019-07-08",
  "parts" : [ {
    "id" : "bdd2348d-0230-4fe1-8de8-42ad9a48ea92",
    "title" : "Znr_30_1230.tif",
    "content_type" : "IMAGE_UPLOAD",
    "file" : "bdd2348d-0230-4fe1-8de8-42ad9a48ea92.tif"
  } ]
}