{
  "author" : "Anne Klammt (https://orcid.org/0000-0003-3697-9241)",
  "source" : "http://doi.org/10.5281/zenodo.2529042",
  "uploaded_at" : "2019-07-08T16:48:18+00:00",
  "license" : "CC BY-SA 4.0",
  "id" : "xde0ezlbtxbjoh",
  "language" : "DE",
  "owner" : "ankl",
  "public_visibility" : "PRIVATE",
  "title" : "Znr_15_1230.tif",
  "date_freeform" : "2019-07-08",
  "parts" : [ {
    "id" : "0afa1ca5-3e7c-4083-a428-8c9b4c19b3ed",
    "title" : "Znr_15_1230.tif",
    "content_type" : "IMAGE_UPLOAD",
    "file" : "0afa1ca5-3e7c-4083-a428-8c9b4c19b3ed.tif"
  } ]
}