{
  "author" : "Anne Klammt (https://orcid.org/0000-0003-3697-9241)",
  "source" : "https://zenodo.org/record/2529057",
  "uploaded_at" : "2019-07-08T17:39:46+00:00",
  "license" : "CC BY-SA 4.0",
  "id" : "v56hzqdwk2n4ru",
  "language" : "DE",
  "owner" : "ankl",
  "public_visibility" : "PRIVATE",
  "title" : "Znr_17_1230.tif",
  "date_freeform" : "2019-07-08",
  "parts" : [ {
    "id" : "509f7308-0011-4031-8deb-1d1d229fc444",
    "title" : "Znr_17_1230.tif",
    "content_type" : "IMAGE_UPLOAD",
    "file" : "509f7308-0011-4031-8deb-1d1d229fc444.tif"
  } ]
}